{"data":{"state":{"isStdOutTTY":true,"isStdErrTTY":true,"testRunDurationMs":179474.585},"metrics":{"browser_web_vital_inp":{"contains":"time","values":{"med":0,"max":0,"p(90)":0,"p(95)":0,"avg":0,"min":0},"type":"trend"},"browser_web_vital_ttfb":{"type":"trend","contains":"time","values":{"avg":208.05925925572714,"min":2,"med":7.799999982118607,"max":1784.0999999940395,"p(90)":537.6299999982118,"p(95)":1376.3949999898668}},"iteration_duration":{"type":"trend","contains":"time","values":{"avg":46260.091117,"min":35122.429833,"med":35435.793417,"max":132465.028125,"p(90)":75664.29940820001,"p(95)":104828.9238207999}},"data_received":{"type":"counter","contains":"data","values":{"count":0,"rate":0}},"browser_web_vital_fcp":{"type":"trend","contains":"time","values":{"avg":1473.8105263137504,"min":254.09999999403954,"med":341.84999999403954,"max":6826,"p(90)":6358.9100000083445,"p(95)":6586.204999990761}},"iterations":{"contains":"default","values":{"count":79,"rate":0.4401737438200512},"type":"counter"},"browser_data_received":{"type":"counter","contains":"data","values":{"count":387652645,"rate":2159930.582929054}},"browser_web_vital_fid":{"values":{"min":0.09999999403953552,"med":0.20000001788139343,"max":1.2999999821186066,"p(90)":0.3300000101327897,"p(95)":0.4000000059604645,"avg":0.2500000015685433},"type":"trend","contains":"time"},"vus":{"type":"gauge","contains":"default","values":{"value":2,"min":1,"max":79}},"data_sent":{"contains":"data","values":{"count":0,"rate":0},"type":"counter"},"browser_data_sent":{"contains":"data","values":{"rate":13573.604307261667,"count":2436117},"type":"counter"},"vus_max":{"type":"gauge","contains":"default","values":{"max":300,"value":300,"min":300}},"browser_web_vital_lcp":{"contains":"time","values":{"avg":1473.8105263137504,"min":254.09999999403954,"med":341.84999999403954,"max":6826,"p(90)":6358.9100000083445,"p(95)":6586.204999990761},"type":"trend"},"browser_http_req_duration":{"type":"trend","contains":"time","values":{"p(90)":281.09720000000004,"p(95)":655.0072999999993,"avg":129.33501587301592,"min":0.032,"med":11.143,"max":25228.283}},"browser_http_req_failed":{"contains":"default","values":{"rate":0.09262883235485975,"passes":426,"fails":4173},"type":"rate"},"browser_web_vital_cls":{"type":"trend","contains":"default","values":{"min":0.015484990013970268,"med":0.01564056724972195,"max":0.02993341933356391,"p(90)":0.01858664569854736,"p(95)":0.023780144087473542,"avg":0.017186719382250748}}},"root_group":{"checks":[],"name":"","path":"","id":"d41d8cd98f00b204e9800998ecf8427e","groups":[]},"options":{"summaryTrendStats":["avg","min","med","max","p(90)","p(95)"],"summaryTimeUnit":"","noColor":false}}}